Purchase_ID,User_ID,Product_ID,Transaction_Amount,Purchase_Time
Purchase_948,User_3840,Product_19,62.84303128685874,2023-04-02 16:35:46
Purchase_905,User_1846,Product_9,21.780078718011033,2023-04-14 16:38:27
Purchase_704,User_1700,Product_8,138.26445459401018,2023-01-21 11:21:31
Purchase_766,User_4117,Product_15,74.9913668400423,2023-01-29 04:44:04
Purchase_36,User_3053,Product_7,162.56999818740002,2023-05-24 03:30:23
Purchase_982,User_3759,Product_16,49.94555769048329,2023-01-29 22:34:04
Purchase_950,User_4573,Product_18,181.50150720260294,2023-07-24 06:13:14
Purchase_599,User_3228,Product_12,46.88050877389602,2023-03-22 01:31:48
Purchase_613,User_691,Product_11,104.72990433705178,2023-06-19 08:35:13
Purchase_81,User_940,Product_19,98.9211511895723,2023-03-06 06:43:11
Purchase_552,User_1057,Product_17,10.767160253492719,2023-07-16 02:51:08
Purchase_947,User_2178,Product_13,121.51420709930345,2023-04-19 23:01:15
Purchase_271,User_1698,Product_16,82.92959222426938,2023-01-30 19:54:36
Purchase_42,User_3271,Product_14,82.0914684881368,2023-03-18 23:01:57
Purchase_36,User_2129,Product_1,156.65254055732916,2023-02-22 09:06:30
Purchase_508,User_1425,Product_12,80.20887364105192,2023-06-05 13:33:33
Purchase_651,User_1935,Product_1,43.790413776123174,2023-01-19 05:03:01
Purchase_432,User_4107,Product_19,47.5920050951958,2023-01-06 20:57:33
Purchase_304,User_175,Product_2,164.01278862610138,2023-01-27 11:34:11
Purchase_850,User_4793,Product_19,37.874134283184574,2023-01-21 22:24:12
Purchase_972,User_2109,Product_17,184.269387003945,2023-02-15 11:50:34
Purchase_22,User_818,Product_15,59.15205651274482,2023-03-29 14:17:31
Purchase_56,User_3412,Product_17,143.4554511919504,2023-07-20 22:47:24
Purchase_774,User_4172,Product_6,100.16631721228742,2023-03-25 22:53:32
Purchase_812,User_2325,Product_17,118.94780569438237,2023-03-24 21:27:40
Purchase_535,User_414,Product_7,104.91417486871694,2023-03-29 06:17:18
Purchase_861,User_3431,Product_20,82.2428439171112,2023-04-06 02:54:26
Purchase_682,User_508,Product_5,117.54196189971654,2023-06-21 10:06:48
Purchase_738,User_4313,Product_9,199.19912197856164,2023-02-24 21:19:20
Purchase_553,User_4018,Product_1,170.2804330585363,2023-04-08 02:45:21
Purchase_53,User_62,Product_10,27.214050774253202,2023-03-23 02:06:05
Purchase_766,User_1596,Product_20,118.0356973487223,2023-01-22 19:46:12
Purchase_696,User_2874,Product_6,154.8975290394707,2023-03-31 13:35:58
Purchase_430,User_1920,Product_16,166.8469548896447,2023-07-18 08:16:34
Purchase_427,User_2274,Product_5,70.7799509630995,2023-04-19 05:12:10
Purchase_138,User_2431,Product_16,75.78157382114007,2023-05-26 09:40:37
Purchase_438,User_4800,Product_11,112.02765544984129,2023-03-03 21:43:54
Purchase_898,User_2009,Product_7,137.10572682911857,2023-04-14 22:40:52
Purchase_983,User_3857,Product_9,37.36904964196597,2023-07-19 07:41:11
Purchase_368,User_1515,Product_7,70.29362719507462,2023-06-06 19:30:00
Purchase_194,User_1294,Product_17,35.72251145194603,2023-04-16 00:31:32
Purchase_437,User_3171,Product_17,189.47861420924502,2023-01-27 04:03:12
Purchase_58,User_3019,Product_18,133.45068695131047,2023-02-09 14:18:01
Purchase_233,User_4013,Product_7,28.545145603809708,2023-03-28 02:14:09
Purchase_589,User_2252,Product_13,81.31625220433108,2023-05-22 13:59:47
Purchase_228,User_1865,Product_15,80.77137307155948,2023-02-19 04:18:54
Purchase_748,User_2368,Product_17,156.2152451432874,2023-04-09 10:27:02
Purchase_889,User_1676,Product_5,194.49720840203918,2023-05-02 04:08:07
Purchase_794,User_2676,Product_17,139.10870567430064,2023-03-15 19:27:33
Purchase_569,User_1825,Product_3,98.11313198036555,2023-07-22 04:53:39
Purchase_991,User_3928,Product_15,127.51555982781068,2023-04-20 23:09:04
Purchase_15,User_4904,Product_13,186.85778913904466,2023-03-16 20:53:38
Purchase_720,User_2659,Product_7,165.7430750048039,2023-04-12 16:29:45
Purchase_813,User_1918,Product_10,158.7805135481937,2023-01-06 05:59:05
Purchase_77,User_3374,Product_4,163.41777211255697,2023-06-10 12:43:03
Purchase_127,User_752,Product_8,142.65188943887048,2023-01-10 00:30:22
Purchase_181,User_1686,Product_6,190.2085286654425,2023-07-25 08:28:23
Purchase_44,User_4671,Product_15,173.00207713656965,2023-06-20 10:35:54
Purchase_350,User_2951,Product_8,39.810879191033095,2023-06-18 03:59:09
Purchase_656,User_989,Product_17,151.9756157539347,2023-04-28 14:19:28
Purchase_245,User_4065,Product_18,26.190441860093653,2023-03-28 01:05:29
Purchase_293,User_3639,Product_16,140.22176086220253,2023-05-18 22:21:29
Purchase_607,User_2275,Product_20,175.85790971525293,2023-07-06 03:39:12
Purchase_479,User_243,Product_7,20.311843434226326,2023-03-21 19:59:05
Purchase_123,User_1409,Product_3,141.58284587014035,2023-07-11 15:47:52
Purchase_77,User_608,Product_12,120.62067084093017,2023-04-18 08:18:36
Purchase_251,User_2449,Product_19,77.08944416556474,2023-03-07 04:45:18
Purchase_544,User_1836,Product_15,105.86240232484884,2023-07-14 15:33:05
Purchase_495,User_4446,Product_12,35.92659236598455,2023-03-04 02:25:01
Purchase_736,User_3432,Product_16,16.681943538750577,2023-02-16 18:49:11
Purchase_357,User_1262,Product_11,66.85306321722216,2023-06-01 09:44:06
Purchase_916,User_1688,Product_8,163.22931031616,2023-07-11 01:34:23
Purchase_221,User_1481,Product_14,54.30296962782819,2023-01-21 13:45:38
Purchase_714,User_4096,Product_4,167.66150342507746,2023-04-20 04:01:53
Purchase_942,User_2714,Product_2,103.65773884414548,2023-07-05 07:53:06
Purchase_781,User_894,Product_12,179.50763803840402,2023-07-09 05:49:23
Purchase_293,User_1785,Product_18,22.216862902452124,2023-01-08 18:06:05
Purchase_654,User_88,Product_9,102.29333996486963,2023-02-10 09:43:49
Purchase_527,User_1624,Product_6,25.456780213728344,2023-04-03 03:11:51
Purchase_268,User_3180,Product_15,104.99744451127,2023-06-15 01:28:35
Purchase_698,User_2979,Product_11,152.21914483590572,2023-07-23 16:05:02
Purchase_504,User_1787,Product_8,191.22250360722666,2023-05-16 22:22:53
Purchase_54,User_184,Product_19,73.01878163959984,2023-05-20 18:03:50
Purchase_901,User_3694,Product_3,172.68326800692657,2023-02-28 11:07:36
Purchase_706,User_1244,Product_20,122.30870224812013,2023-03-26 15:48:58
Purchase_622,User_421,Product_17,51.18063789371188,2023-04-09 20:31:10
Purchase_280,User_473,Product_18,26.41886634807545,2023-02-06 01:43:44
Purchase_204,User_3634,Product_6,140.50146283369213,2023-03-23 11:33:58
Purchase_138,User_3165,Product_12,146.66772965832584,2023-04-29 10:14:24
Purchase_976,User_2156,Product_2,196.77425074551599,2023-04-16 15:34:43
Purchase_231,User_1374,Product_20,88.70618157062806,2023-02-19 01:43:32
Purchase_742,User_4860,Product_9,183.6941979654442,2023-05-07 15:40:48
Purchase_211,User_3445,Product_1,25.546066117738953,2023-02-05 17:01:46
Purchase_373,User_1221,Product_11,166.2009873886843,2023-06-20 04:24:38
Purchase_817,User_4128,Product_14,60.78371021419142,2023-03-20 08:39:42
Purchase_142,User_4175,Product_6,23.809855292157167,2023-02-03 03:27:44
Purchase_978,User_3664,Product_10,97.48590308411674,2023-01-09 12:02:50
Purchase_699,User_2618,Product_17,181.22658947145416,2023-05-12 06:52:49
Purchase_650,User_2293,Product_20,94.4191611186984,2023-02-21 20:47:22
Purchase_454,User_383,Product_5,132.58465489705122,2023-07-26 13:05:56
Purchase_115,User_1864,Product_5,172.95523145095353,2023-01-03 19:08:33
Purchase_499,User_734,Product_13,91.20379347717329,2023-01-19 21:28:50
Purchase_34,User_4885,Product_5,62.98654672052889,2023-01-29 19:39:46
Purchase_278,User_3190,Product_1,161.72708528874443,2023-03-03 02:38:04
Purchase_385,User_4411,Product_5,101.62661273575704,2023-05-27 12:16:22
Purchase_828,User_1910,Product_1,64.81339481937923,2023-06-19 04:33:47
Purchase_85,User_4902,Product_13,176.0413640601077,2023-06-13 20:19:08
Purchase_280,User_394,Product_17,172.17021095449968,2023-07-20 10:26:53
Purchase_610,User_4638,Product_9,61.351183079659044,2023-07-23 12:03:18
Purchase_496,User_3747,Product_12,10.881924224671408,2023-01-30 16:14:08
Purchase_863,User_2113,Product_12,101.18802486306978,2023-01-25 00:10:33
Purchase_385,User_112,Product_9,39.085984114068,2023-07-11 16:50:27
Purchase_45,User_4752,Product_17,152.3430145693588,2023-05-08 22:15:48
Purchase_206,User_1285,Product_12,95.83206785571046,2023-03-19 00:06:09
Purchase_185,User_3265,Product_13,62.74853311268958,2023-05-05 06:58:50
Purchase_432,User_4415,Product_18,115.11512067570892,2023-01-03 19:16:29
Purchase_53,User_4185,Product_20,193.09869776182578,2023-05-07 10:33:39
Purchase_306,User_2168,Product_15,30.85812227879831,2023-03-01 00:13:07
Purchase_542,User_583,Product_15,81.09920956866323,2023-03-15 03:05:30
Purchase_348,User_959,Product_20,126.85739905803787,2023-03-21 14:49:11
Purchase_26,User_1305,Product_17,65.34879616973913,2023-01-13 17:58:24
Purchase_609,User_1517,Product_6,141.72305511665527,2023-07-15 00:47:04
Purchase_894,User_2571,Product_8,185.8786975664315,2023-01-06 13:05:14
Purchase_923,User_4272,Product_19,36.5404602154516,2023-02-16 14:09:19
Purchase_908,User_1219,Product_19,199.65164581027904,2023-01-05 14:48:55
Purchase_811,User_3995,Product_7,178.92059762767246,2023-01-08 08:07:36
Purchase_591,User_1872,Product_8,30.65366705117392,2023-03-26 12:51:58
Purchase_758,User_2365,Product_20,161.41447945637267,2023-05-12 00:11:14
Purchase_341,User_3804,Product_3,184.62035127463605,2023-01-24 17:39:39
Purchase_830,User_2185,Product_18,123.64229137799602,2023-03-25 15:30:16
Purchase_435,User_3735,Product_20,88.48543153690096,2023-07-14 12:48:44
Purchase_428,User_3892,Product_5,180.48406277031046,2023-03-13 11:38:05
Purchase_730,User_1385,Product_11,57.11240241686115,2023-04-20 16:09:52
Purchase_736,User_3358,Product_3,37.28873753538688,2023-07-20 05:52:09
Purchase_58,User_3024,Product_20,86.2948607742682,2023-06-30 00:47:27
Purchase_110,User_4549,Product_16,113.96290353799324,2023-03-21 04:33:56
Purchase_389,User_3392,Product_11,19.679698424840893,2023-01-04 13:51:39
Purchase_722,User_1364,Product_10,76.63046578014021,2023-02-25 20:32:25
Purchase_678,User_2036,Product_7,29.03203356729278,2023-02-12 05:25:44
Purchase_859,User_94,Product_17,69.04150396943737,2023-05-03 06:04:22
Purchase_938,User_2072,Product_13,194.92663278458176,2023-03-17 04:30:41
Purchase_464,User_649,Product_15,37.66674391813388,2023-05-10 14:37:17
Purchase_573,User_1336,Product_15,174.078402998033,2023-04-29 20:06:51
Purchase_569,User_2996,Product_13,31.34669995093953,2023-07-11 09:11:12
Purchase_519,User_4880,Product_12,147.04778060530768,2023-02-14 00:58:23
Purchase_163,User_1591,Product_20,100.46015106037622,2023-04-02 20:51:56
Purchase_382,User_1107,Product_10,26.21187231895854,2023-04-11 03:46:27
Purchase_746,User_91,Product_12,48.87405831793736,2023-07-21 13:14:28
Purchase_925,User_1624,Product_2,24.935096783961953,2023-01-05 02:52:03
Purchase_132,User_319,Product_13,192.27158451033696,2023-06-21 15:38:08
Purchase_16,User_1440,Product_10,168.62178556072274,2023-06-03 14:29:31
Purchase_800,User_3561,Product_9,145.55370107381353,2023-06-08 04:08:38
Purchase_951,User_4135,Product_20,170.7236084118941,2023-02-21 04:43:50
Purchase_86,User_2940,Product_4,59.646489497051846,2023-05-06 07:36:10
Purchase_250,User_3174,Product_12,155.5548456947948,2023-05-09 10:12:14
Purchase_543,User_1644,Product_12,58.70546173355927,2023-01-02 22:21:56
Purchase_338,User_1946,Product_2,20.995436845833694,2023-01-02 03:03:25
Purchase_395,User_4650,Product_7,112.67803264624901,2023-06-15 07:56:42
Purchase_616,User_63,Product_18,110.87195639069077,2023-07-04 06:21:30
Purchase_362,User_1703,Product_3,163.66403390851022,2023-03-13 11:26:18
Purchase_660,User_1732,Product_14,180.1337321045475,2023-01-16 05:33:20
Purchase_783,User_2222,Product_2,198.3381781942471,2023-06-26 15:45:49
Purchase_811,User_2310,Product_15,120.98239798053247,2023-01-29 23:01:06
Purchase_608,User_3713,Product_12,196.29715882603122,2023-04-28 05:24:27
Purchase_125,User_1054,Product_19,28.300690028037387,2023-02-10 05:17:50
Purchase_569,User_3489,Product_15,38.088430318404185,2023-05-27 19:14:44
Purchase_321,User_3365,Product_15,102.82248400793975,2023-03-13 23:59:23
Purchase_265,User_1279,Product_10,91.94368248593719,2023-06-20 10:55:50
Purchase_179,User_162,Product_15,14.10255519668599,2023-06-21 22:03:06
Purchase_463,User_4262,Product_19,155.36067469626255,2023-05-13 16:55:12
Purchase_440,User_4839,Product_20,163.6092174132485,2023-04-21 20:03:51
Purchase_467,User_3157,Product_5,139.77255607220354,2023-02-05 10:20:47
Purchase_966,User_2807,Product_10,10.6766783310926,2023-03-01 03:14:34
Purchase_481,User_1727,Product_11,174.03233468689248,2023-02-13 16:18:29
Purchase_845,User_1038,Product_14,57.003218987700436,2023-04-02 04:18:11
Purchase_218,User_4925,Product_7,37.52122647220305,2023-04-01 18:20:33
Purchase_59,User_1846,Product_12,149.73774447313556,2023-02-14 21:41:16
Purchase_939,User_1460,Product_18,64.86355880852082,2023-07-06 17:13:28
Purchase_277,User_1577,Product_19,124.15637601330027,2023-01-24 03:30:49
Purchase_611,User_3373,Product_3,115.59658535630592,2023-05-10 14:37:37
Purchase_315,User_148,Product_11,133.65672013660102,2023-04-15 19:52:03
Purchase_65,User_3125,Product_14,191.62452863909246,2023-03-15 06:52:35
Purchase_180,User_834,Product_7,51.98389774300326,2023-01-03 04:33:40
Purchase_766,User_1759,Product_1,183.3579288366939,2023-04-23 17:48:25
Purchase_277,User_2158,Product_13,183.4753565182383,2023-05-10 12:22:05
Purchase_870,User_4980,Product_15,153.65952081372626,2023-03-08 16:09:40
Purchase_128,User_118,Product_8,141.7815624484406,2023-07-20 06:12:10
Purchase_631,User_4867,Product_3,21.3672263203429,2023-06-23 18:38:44
Purchase_147,User_2783,Product_20,155.53271025665063,2023-07-13 19:15:09
Purchase_618,User_2454,Product_13,159.2927018571572,2023-05-17 02:14:20
Purchase_50,User_1174,Product_11,24.422437190839013,2023-01-28 00:50:54
Purchase_115,User_4606,Product_15,196.60816843114557,2023-02-28 04:03:36
Purchase_39,User_659,Product_15,19.32994756370245,2023-04-29 07:24:35
Purchase_685,User_3036,Product_5,35.064844557918576,2023-05-28 01:46:00
Purchase_861,User_4249,Product_13,178.88161822805029,2023-05-14 07:25:17
Purchase_580,User_485,Product_16,112.99478625221177,2023-04-07 14:49:17
Purchase_42,User_1092,Product_4,193.7851278338307,2023-07-18 11:26:00
Purchase_718,User_4961,Product_4,101.62378022738203,2023-03-02 15:47:12
Purchase_61,User_2854,Product_13,28.983093389334847,2023-03-19 20:22:29
Purchase_715,User_894,Product_10,77.01872678753693,2023-07-13 18:39:43
Purchase_260,User_796,Product_3,118.2158035405501,2023-04-20 20:55:38
Purchase_258,User_3888,Product_2,105.00205405742896,2023-05-03 15:00:00
Purchase_679,User_3673,Product_19,88.40458714203731,2023-07-19 11:04:27
Purchase_858,User_2006,Product_12,20.29514808007263,2023-07-07 11:08:30
Purchase_354,User_2043,Product_19,40.89954168198139,2023-06-02 10:07:36
Purchase_719,User_3757,Product_8,120.6716892160434,2023-06-29 15:23:30
Purchase_601,User_2091,Product_9,124.12847216831088,2023-05-11 05:24:55
Purchase_350,User_2997,Product_14,179.29033805311863,2023-04-10 20:28:54
Purchase_78,User_1598,Product_3,178.02647377949427,2023-04-17 21:53:17
Purchase_444,User_1816,Product_7,107.38662763347196,2023-02-01 02:56:48
Purchase_512,User_529,Product_2,102.25041672595374,2023-07-08 20:14:59
Purchase_237,User_4424,Product_8,94.61116573501309,2023-06-11 18:52:51
Purchase_326,User_4802,Product_15,138.0548351275677,2023-04-24 10:48:13
Purchase_372,User_3809,Product_18,152.81241704506684,2023-02-19 20:00:37
Purchase_823,User_1589,Product_10,12.593843616089988,2023-03-10 16:52:54
Purchase_416,User_2679,Product_4,53.319503923405236,2023-03-29 01:14:52
Purchase_642,User_1961,Product_9,14.460937514916466,2023-06-19 07:02:22
Purchase_876,User_4296,Product_5,72.29870379344041,2023-04-12 13:21:57
Purchase_144,User_2475,Product_20,151.17219645210068,2023-03-03 18:24:48
Purchase_327,User_2320,Product_13,71.59133772135995,2023-01-22 22:42:11
Purchase_789,User_4131,Product_7,71.51677736534788,2023-02-17 04:24:19
Purchase_335,User_2248,Product_16,95.50566386106613,2023-05-27 01:45:01
Purchase_409,User_4620,Product_11,90.43633633780557,2023-07-05 09:02:11
Purchase_652,User_889,Product_1,75.86392826548946,2023-02-25 07:57:16
Purchase_471,User_1443,Product_13,120.88160764047785,2023-05-03 19:37:44
Purchase_974,User_2664,Product_20,16.63996927820358,2023-01-02 14:51:25
Purchase_622,User_1671,Product_2,110.4771923116641,2023-05-01 08:53:22
Purchase_161,User_2321,Product_8,171.788094702143,2023-02-05 03:27:59
Purchase_45,User_862,Product_4,91.60291893727354,2023-04-18 23:12:32
Purchase_931,User_4537,Product_20,52.866754897535955,2023-06-21 00:57:26
Purchase_912,User_1917,Product_11,52.79641042065567,2023-06-18 02:34:11
Purchase_26,User_3266,Product_1,72.21326223782461,2023-03-09 00:26:21
Purchase_610,User_4872,Product_8,194.42342658784452,2023-03-14 12:19:11
Purchase_809,User_2052,Product_1,13.036547840050883,2023-02-11 07:09:46
Purchase_511,User_3183,Product_19,160.7419295685592,2023-05-02 09:45:48
Purchase_781,User_3095,Product_12,185.72726184152503,2023-03-17 02:03:06
Purchase_509,User_693,Product_18,80.61814106490655,2023-07-14 23:27:37
Purchase_582,User_3100,Product_20,58.64644821378945,2023-06-12 10:36:19
Purchase_345,User_4995,Product_4,20.83642642281713,2023-04-06 19:44:24
Purchase_215,User_2998,Product_13,192.9573113192175,2023-02-14 15:24:52
Purchase_831,User_3661,Product_4,114.74440618985948,2023-01-10 03:24:07
Purchase_33,User_4728,Product_5,120.63616185272166,2023-05-20 17:23:55
Purchase_727,User_1626,Product_7,107.92095362726603,2023-02-14 12:02:46
Purchase_382,User_1250,Product_18,183.3430925843014,2023-03-08 05:53:42
Purchase_998,User_2847,Product_19,30.78814195412434,2023-05-26 03:04:42
Purchase_79,User_2360,Product_12,56.08936433232541,2023-07-18 07:04:22
Purchase_78,User_455,Product_12,197.05947488102478,2023-06-07 18:50:55
Purchase_936,User_1852,Product_18,188.32692942697693,2023-06-02 00:59:24
Purchase_225,User_3715,Product_15,62.35003781146292,2023-03-11 02:26:34
Purchase_504,User_4418,Product_18,174.3116666555217,2023-05-26 08:59:00
Purchase_575,User_3271,Product_4,73.24033009715916,2023-06-19 10:19:58
Purchase_549,User_2761,Product_3,190.94493699673936,2023-06-28 06:27:44
Purchase_419,User_4318,Product_17,179.7894796872187,2023-03-07 16:08:56
Purchase_734,User_4252,Product_1,68.12682305486845,2023-02-16 05:15:59
Purchase_848,User_807,Product_1,118.97280924327923,2023-01-09 04:20:00
Purchase_528,User_1846,Product_11,126.83184867443926,2023-07-24 03:06:23
Purchase_52,User_4374,Product_20,96.58521441801079,2023-03-01 06:21:18
Purchase_473,User_877,Product_19,182.83250388093543,2023-03-22 21:26:20
Purchase_525,User_4686,Product_17,80.29011885617086,2023-04-03 23:06:48
Purchase_442,User_4607,Product_7,181.83089509164577,2023-01-17 09:46:10
Purchase_270,User_1614,Product_6,127.74182766526474,2023-03-23 17:08:53
Purchase_837,User_1465,Product_7,70.07291560862924,2023-02-05 16:10:23
Purchase_294,User_4473,Product_4,48.92203905412799,2023-05-22 14:43:56
Purchase_245,User_1036,Product_11,93.55177747707258,2023-06-18 10:37:37
Purchase_244,User_2306,Product_19,111.05375052861751,2023-02-27 21:48:14
Purchase_768,User_1226,Product_10,79.88026227373686,2023-06-28 16:22:58
Purchase_362,User_3017,Product_13,131.59428914633773,2023-05-13 12:43:33
Purchase_456,User_4949,Product_20,92.73747618901021,2023-01-18 11:14:21
Purchase_749,User_3984,Product_19,77.5800493628033,2023-06-11 14:38:53
Purchase_116,User_4865,Product_19,65.82599720784135,2023-07-01 15:12:57
Purchase_242,User_2502,Product_19,31.69866112576107,2023-03-07 20:17:25
Purchase_733,User_556,Product_11,126.66003588957909,2023-01-04 18:58:47
Purchase_881,User_3021,Product_8,149.25237287519553,2023-02-05 09:44:10
Purchase_362,User_1657,Product_9,92.80877892155436,2023-03-22 20:16:49
Purchase_352,User_4601,Product_3,58.90821080006256,2023-02-13 16:09:35
Purchase_506,User_797,Product_12,87.8804559123725,2023-04-21 02:30:03
Purchase_915,User_2312,Product_7,41.46836912305059,2023-06-17 02:00:34
Purchase_654,User_4813,Product_8,84.16928217662664,2023-02-25 02:13:04
Purchase_606,User_35,Product_5,197.98536892665504,2023-03-23 14:50:47
Purchase_449,User_162,Product_17,183.8875000027893,2023-06-27 04:03:31
Purchase_419,User_3385,Product_4,13.14209721861009,2023-02-05 16:41:24
Purchase_570,User_4336,Product_9,35.8390281026793,2023-04-26 06:53:10
Purchase_827,User_4978,Product_8,148.05656404599844,2023-04-11 18:26:00
Purchase_126,User_4311,Product_19,93.36492336403715,2023-04-03 17:23:39
Purchase_538,User_352,Product_19,176.46568090608628,2023-03-03 12:26:28
Purchase_777,User_2086,Product_17,111.0666513089271,2023-06-25 08:05:14
Purchase_408,User_1301,Product_19,100.6879334396774,2023-06-25 23:51:15
Purchase_585,User_3580,Product_15,17.63005399405353,2023-01-18 23:47:24
Purchase_139,User_605,Product_17,161.08708840761759,2023-03-26 03:09:19
Purchase_261,User_3883,Product_2,177.58073754652858,2023-03-15 04:50:15
Purchase_287,User_3236,Product_11,39.93477044158119,2023-02-13 16:56:16
Purchase_314,User_2671,Product_14,30.177866129772294,2023-05-25 02:50:36
Purchase_82,User_119,Product_7,45.173731808811674,2023-03-04 06:27:59
Purchase_422,User_2405,Product_11,61.65045498788888,2023-01-12 12:33:40
Purchase_984,User_3631,Product_12,69.03451488923115,2023-03-30 13:04:11
Purchase_577,User_1465,Product_11,132.6679669924324,2023-05-29 03:07:08
Purchase_633,User_1992,Product_8,17.96233368307743,2023-01-21 05:01:12
Purchase_773,User_4112,Product_11,30.079051164403786,2023-06-23 13:29:40
Purchase_900,User_3844,Product_5,94.88153440838208,2023-01-14 12:06:09
Purchase_877,User_1817,Product_7,40.759894821924036,2023-04-03 22:21:34
Purchase_16,User_3584,Product_9,78.86073138803646,2023-02-03 20:45:25
Purchase_121,User_2558,Product_4,113.22170593197475,2023-04-06 06:06:04
Purchase_264,User_3249,Product_19,164.08474846399199,2023-06-13 03:07:05
Purchase_555,User_2143,Product_9,186.18284522966263,2023-04-20 12:39:09
Purchase_931,User_621,Product_9,14.234048374931875,2023-03-20 05:37:19
Purchase_743,User_730,Product_2,46.07159541132783,2023-06-01 13:18:35
Purchase_127,User_1313,Product_1,126.96748394750968,2023-06-19 11:44:37
Purchase_35,User_4127,Product_3,140.5289867456679,2023-03-23 19:09:29
Purchase_432,User_3768,Product_12,67.98070010216404,2023-05-06 22:46:19
Purchase_691,User_559,Product_13,25.258651123422297,2023-03-31 04:52:12
Purchase_990,User_845,Product_7,42.982562390701275,2023-06-07 20:20:55
Purchase_133,User_2065,Product_20,132.65225111217956,2023-03-12 19:54:04
Purchase_867,User_1700,Product_16,98.20319208331476,2023-01-08 21:24:11
Purchase_919,User_4565,Product_16,187.79281208915862,2023-04-07 09:57:18
Purchase_905,User_3978,Product_14,54.355693889158054,2023-07-27 14:41:25
Purchase_355,User_1051,Product_11,68.94078346253055,2023-04-03 09:26:31
Purchase_403,User_486,Product_1,110.05150845854043,2023-07-07 18:00:02
Purchase_557,User_3211,Product_19,84.25429248713901,2023-03-07 05:58:26
Purchase_712,User_371,Product_7,87.52242613359607,2023-04-29 15:04:33
Purchase_120,User_4496,Product_12,59.3194712610023,2023-01-13 09:29:45
Purchase_898,User_2458,Product_19,78.58587422463884,2023-02-10 19:24:33
Purchase_899,User_1224,Product_11,117.77298845582254,2023-01-03 12:48:51
Purchase_592,User_1300,Product_13,98.3810474976413,2023-06-06 00:45:19
Purchase_617,User_1477,Product_15,188.12958711927246,2023-01-09 11:55:34
Purchase_995,User_2224,Product_11,46.642558153173134,2023-06-30 10:41:19
Purchase_46,User_3937,Product_1,144.3611908880982,2023-04-22 19:19:47
Purchase_739,User_3498,Product_7,102.34582420729052,2023-06-29 18:03:01
Purchase_355,User_2842,Product_4,169.45853936298886,2023-04-23 14:32:29
Purchase_449,User_2973,Product_20,190.4381967317606,2023-03-14 06:05:11
Purchase_409,User_3807,Product_2,79.38565444657591,2023-01-15 22:26:31
Purchase_450,User_741,Product_17,120.95256339532492,2023-06-07 21:45:58
Purchase_835,User_1443,Product_18,128.89286636661456,2023-06-14 03:05:49
Purchase_290,User_1106,Product_15,61.31406545359622,2023-05-30 10:27:27
Purchase_478,User_1855,Product_11,182.07291890398173,2023-05-02 02:48:29
Purchase_135,User_1814,Product_4,194.62740946607076,2023-06-18 20:16:37
Purchase_184,User_1457,Product_8,181.51572767766524,2023-04-08 22:14:45
Purchase_766,User_4724,Product_14,104.11995137548197,2023-05-10 19:44:09
Purchase_917,User_792,Product_19,176.10928015558636,2023-01-11 07:58:03
Purchase_937,User_3170,Product_2,85.83690645798897,2023-04-11 07:23:25
Purchase_84,User_2377,Product_19,118.5124418306693,2023-07-25 04:05:58
Purchase_896,User_2200,Product_18,92.98848600261532,2023-03-18 23:41:43
Purchase_594,User_1475,Product_15,185.09699123705676,2023-03-02 23:14:17
Purchase_370,User_3719,Product_2,45.20631164066571,2023-03-09 09:00:42
Purchase_650,User_3476,Product_5,97.89497507812362,2023-04-23 04:21:32
Purchase_380,User_733,Product_5,196.27003247084974,2023-05-21 08:32:52
Purchase_439,User_1462,Product_13,50.767745705204526,2023-06-20 21:40:13
Purchase_509,User_1922,Product_1,101.34269855111327,2023-03-11 03:40:23
Purchase_589,User_3184,Product_19,33.34396841827568,2023-04-24 05:29:40
Purchase_945,User_141,Product_5,138.26931331924987,2023-06-25 05:14:20
Purchase_97,User_1059,Product_14,60.70432923730229,2023-07-25 06:19:14
Purchase_298,User_1515,Product_19,137.20946030879176,2023-07-16 18:51:38
Purchase_342,User_2922,Product_1,133.70637520322202,2023-02-09 13:23:26
Purchase_565,User_1298,Product_5,169.04683968683636,2023-07-19 12:50:00
Purchase_898,User_3606,Product_17,106.25646788830001,2023-02-19 14:58:34
Purchase_580,User_3728,Product_17,73.70817879723793,2023-03-24 04:19:51
Purchase_845,User_4981,Product_20,158.49654955390463,2023-02-13 11:25:24
Purchase_427,User_2030,Product_20,156.513347426687,2023-05-26 12:47:36
Purchase_323,User_3093,Product_17,12.473157275493268,2023-01-16 08:49:11
Purchase_319,User_853,Product_8,175.7674556742155,2023-03-04 19:47:17
Purchase_179,User_1722,Product_17,142.36248636647787,2023-07-26 20:07:06
Purchase_144,User_780,Product_1,183.51393681849459,2023-06-28 07:28:50
Purchase_814,User_4264,Product_3,173.87769455367473,2023-03-31 10:18:37
Purchase_735,User_1572,Product_5,33.5076618058128,2023-04-03 17:09:39
Purchase_990,User_1872,Product_14,151.7257037806766,2023-05-19 04:26:15
Purchase_211,User_4328,Product_18,109.74178058922686,2023-04-27 04:13:54
Purchase_520,User_2427,Product_9,126.52772807190495,2023-03-04 00:20:19
Purchase_576,User_846,Product_12,150.1562393549452,2023-07-05 20:27:18
Purchase_616,User_2627,Product_18,182.40753444928447,2023-02-15 20:37:35
Purchase_100,User_877,Product_13,165.01251058112595,2023-03-09 00:12:07
Purchase_285,User_4486,Product_5,76.08896623276327,2023-03-16 03:39:01
Purchase_119,User_72,Product_18,180.11622581422793,2023-02-28 03:30:25
Purchase_274,User_4735,Product_15,37.65032545048338,2023-02-20 03:42:51
Purchase_439,User_1712,Product_6,168.02320793379354,2023-05-19 03:24:14
Purchase_886,User_1547,Product_14,98.80232960749318,2023-03-31 23:26:36
Purchase_289,User_1122,Product_9,180.33201628050958,2023-04-25 10:42:32
Purchase_918,User_1392,Product_9,189.079675552528,2023-06-06 14:25:39
Purchase_989,User_3891,Product_6,174.87673640195322,2023-06-30 14:14:26
Purchase_754,User_3947,Product_19,173.39403241194486,2023-03-13 10:22:48
Purchase_925,User_3250,Product_17,184.83418716800773,2023-06-06 05:12:03
Purchase_667,User_1783,Product_10,79.80446451989752,2023-06-08 07:12:07
Purchase_142,User_2297,Product_13,120.95598961529647,2023-01-26 16:53:54
Purchase_207,User_4564,Product_13,59.09815839549047,2023-01-22 17:19:47
Purchase_839,User_4532,Product_8,136.09765185303706,2023-04-27 22:42:57
Purchase_755,User_4200,Product_14,176.20209985655657,2023-05-03 17:57:08
Purchase_28,User_4229,Product_9,46.28223876746066,2023-02-15 04:28:15
Purchase_903,User_3916,Product_14,10.430200692790208,2023-02-18 20:33:52
Purchase_960,User_2621,Product_5,157.52245981337393,2023-01-01 15:23:37
Purchase_540,User_1142,Product_13,171.2400469836625,2023-06-30 01:33:49
Purchase_799,User_1013,Product_3,153.14490442570758,2023-06-29 10:53:03
Purchase_7,User_3322,Product_19,36.74047516826369,2023-05-10 20:57:48
Purchase_833,User_1993,Product_10,188.81198256245617,2023-02-17 09:08:14
Purchase_26,User_495,Product_4,157.56659937503946,2023-05-30 08:54:59
Purchase_204,User_1648,Product_7,22.91668851578727,2023-02-13 20:48:47
Purchase_942,User_336,Product_19,52.63074953922949,2023-07-24 17:08:33
Purchase_572,User_2767,Product_6,85.82409651137881,2023-04-25 02:30:55
Purchase_733,User_2674,Product_14,167.93874711177028,2023-07-05 12:15:19
Purchase_521,User_3707,Product_19,113.42710726325441,2023-03-23 17:54:00
Purchase_832,User_4364,Product_8,169.33148721897868,2023-01-13 23:20:34
Purchase_295,User_4853,Product_11,170.4833607397939,2023-03-14 16:29:36
Purchase_110,User_280,Product_6,121.0232804362806,2023-06-04 13:28:30
Purchase_707,User_2834,Product_12,51.85185196353644,2023-02-24 16:04:34
Purchase_845,User_1240,Product_3,101.29601182154073,2023-05-25 03:46:04
Purchase_445,User_1281,Product_3,31.399595468640634,2023-06-13 03:30:58
Purchase_433,User_3698,Product_17,62.0282217954498,2023-05-18 18:57:02
Purchase_264,User_3449,Product_18,98.08172298987216,2023-03-14 03:28:16
Purchase_865,User_3255,Product_20,125.4426043604783,2023-02-01 00:39:40
Purchase_994,User_1226,Product_12,51.526789851766885,2023-07-19 17:29:39
Purchase_732,User_3449,Product_10,142.50054860350994,2023-03-24 13:40:55
Purchase_117,User_2281,Product_3,45.13720265395366,2023-05-14 00:40:25
Purchase_354,User_202,Product_20,185.5101382426642,2023-01-07 06:40:42
Purchase_80,User_3046,Product_10,91.52134470716265,2023-07-22 18:07:52
Purchase_794,User_2760,Product_3,89.97949435567757,2023-02-17 18:22:30
Purchase_728,User_457,Product_5,115.23828640384508,2023-07-03 19:38:54
Purchase_328,User_951,Product_17,123.17060554804688,2023-04-28 12:30:20
Purchase_508,User_4154,Product_4,46.4618958875775,2023-03-15 08:27:49
Purchase_277,User_319,Product_16,197.91287029675811,2023-02-15 16:21:13
Purchase_631,User_4516,Product_17,79.50233430896537,2023-04-19 07:05:52
Purchase_513,User_2613,Product_5,172.94157108879656,2023-01-14 04:42:20
Purchase_778,User_305,Product_13,78.09035116348471,2023-03-30 00:48:27
Purchase_707,User_1138,Product_9,54.57787771748542,2023-01-31 12:09:35
Purchase_315,User_2929,Product_3,194.26042810779674,2023-04-09 04:17:38
Purchase_925,User_2907,Product_12,135.66550313175313,2023-05-12 07:21:52
Purchase_434,User_2322,Product_1,119.91797057612052,2023-03-03 00:27:24
Purchase_933,User_2685,Product_19,197.46305996805341,2023-02-26 01:30:30
Purchase_795,User_3908,Product_16,94.71904493730906,2023-01-10 21:53:45
Purchase_318,User_1595,Product_4,127.74058323289057,2023-05-28 22:18:56
Purchase_842,User_3170,Product_5,79.92218088556093,2023-02-04 08:03:22
Purchase_662,User_983,Product_7,16.472242361646668,2023-06-25 17:04:28
Purchase_878,User_583,Product_12,33.327110987002264,2023-07-08 03:20:27
Purchase_36,User_417,Product_19,141.09007509152408,2023-04-19 20:42:56
Purchase_635,User_987,Product_7,71.75643458517163,2023-05-19 06:49:31
Purchase_8,User_2712,Product_20,18.959526116381518,2023-03-01 16:43:46
Purchase_137,User_1075,Product_19,59.367446304059456,2023-05-27 14:09:29
Purchase_377,User_2437,Product_8,188.79511522862654,2023-06-17 06:27:34
Purchase_944,User_2847,Product_5,31.417266245062837,2023-03-02 06:00:03
Purchase_674,User_2909,Product_13,168.22022182955033,2023-02-11 12:29:36
Purchase_266,User_4306,Product_8,86.66009842617804,2023-06-06 15:37:08
Purchase_152,User_558,Product_4,68.55598789856825,2023-02-11 13:09:07
Purchase_814,User_4433,Product_6,191.48008558532476,2023-07-17 12:02:53
Purchase_734,User_3887,Product_2,96.27900662108948,2023-01-31 01:43:09
Purchase_283,User_974,Product_4,68.65169590101968,2023-07-02 09:56:10
Purchase_199,User_4029,Product_4,31.6730545669597,2023-02-07 22:37:10
Purchase_876,User_3073,Product_14,162.1691758637477,2023-03-11 04:18:58
Purchase_951,User_2282,Product_9,62.784664902389345,2023-03-31 00:09:23
Purchase_858,User_3,Product_18,184.1532470125517,2023-03-06 03:48:34
Purchase_750,User_3773,Product_2,65.05593711131093,2023-01-02 12:43:07
Purchase_4,User_3007,Product_5,162.95705768175048,2023-05-08 10:17:29
Purchase_68,User_2464,Product_11,153.04799930932623,2023-02-10 16:59:34
Purchase_558,User_883,Product_12,81.11591823084387,2023-04-22 02:00:33
Purchase_209,User_2537,Product_3,63.5133166027135,2023-07-02 08:32:22
Purchase_179,User_2572,Product_20,195.50076841996093,2023-06-03 00:07:20
Purchase_419,User_4758,Product_2,182.44625850137552,2023-07-02 16:07:31
Purchase_264,User_1499,Product_14,11.287599187789048,2023-06-28 11:25:54
Purchase_381,User_4337,Product_9,71.33759394377552,2023-03-07 22:03:04
Purchase_584,User_1246,Product_11,17.637688576774476,2023-01-26 14:36:35
Purchase_638,User_1377,Product_13,163.12907605186592,2023-01-27 02:00:44
Purchase_485,User_2807,Product_4,166.72921541355328,2023-07-08 15:03:48
Purchase_657,User_1545,Product_19,96.75930229846462,2023-03-13 06:16:49
Purchase_181,User_2201,Product_8,85.58221364381895,2023-06-07 01:54:05
Purchase_301,User_4887,Product_3,88.90482298767004,2023-02-25 17:19:10
Purchase_232,User_4729,Product_3,47.366066653186714,2023-05-02 14:17:47
Purchase_293,User_2438,Product_5,19.840548137365644,2023-04-04 03:48:04
Purchase_486,User_1597,Product_8,76.59393719488833,2023-01-28 05:29:45
Purchase_797,User_4872,Product_12,12.43212192312048,2023-02-22 03:41:50
Purchase_393,User_2353,Product_17,123.50353022678915,2023-01-18 10:16:19
Purchase_358,User_816,Product_16,166.00820150150207,2023-02-06 01:19:49
Purchase_481,User_328,Product_3,25.01989431092446,2023-03-18 22:03:10
Purchase_97,User_2161,Product_5,99.91891555733218,2023-02-04 13:10:06
Purchase_113,User_1524,Product_13,199.68688262293747,2023-06-15 08:22:48
Purchase_881,User_4627,Product_12,32.247960234507545,2023-07-22 00:11:48
Purchase_755,User_2216,Product_2,137.98117520184798,2023-01-11 16:07:31
Purchase_288,User_3190,Product_13,103.84657318918177,2023-01-27 22:19:56
Purchase_970,User_2693,Product_19,185.82640198810768,2023-06-06 01:26:00
Purchase_326,User_914,Product_19,42.955792025807675,2023-05-17 08:23:32
Purchase_663,User_3894,Product_13,77.80956938583157,2023-01-21 06:21:15
Purchase_116,User_3815,Product_6,110.38657352488478,2023-05-05 14:28:03
Purchase_465,User_1067,Product_13,184.14702922627058,2023-06-10 21:25:29
Purchase_319,User_2509,Product_9,85.83341941828591,2023-06-22 06:12:15
Purchase_114,User_1601,Product_15,57.18089137662668,2023-01-07 21:51:47
Purchase_697,User_2652,Product_14,52.62363708578908,2023-04-27 16:39:30
Purchase_705,User_515,Product_13,91.66650532628636,2023-04-06 01:43:13
Purchase_774,User_1501,Product_7,20.27008422021867,2023-03-31 06:20:57
Purchase_484,User_3048,Product_20,106.31316787280002,2023-02-12 07:13:16
Purchase_805,User_2856,Product_10,42.5938555365545,2023-07-11 16:04:07
Purchase_490,User_773,Product_19,182.36567312212165,2023-04-23 18:50:15
Purchase_413,User_782,Product_4,75.67440382706552,2023-03-15 21:45:01
Purchase_235,User_3832,Product_11,157.66492948368827,2023-04-07 20:08:31
Purchase_291,User_3930,Product_8,37.945840982437105,2023-05-12 02:30:06
Purchase_508,User_4262,Product_3,55.48343088124896,2023-04-28 08:38:22
Purchase_890,User_3051,Product_13,112.23913246994104,2023-01-23 17:14:16
Purchase_783,User_786,Product_4,132.88827187487362,2023-06-03 21:00:47
Purchase_61,User_4784,Product_20,115.51617260510169,2023-02-12 22:13:03
Purchase_772,User_4906,Product_20,163.11237785778812,2023-04-26 07:47:13
Purchase_262,User_3268,Product_18,53.423011677999405,2023-01-19 13:03:42
Purchase_318,User_3944,Product_8,79.74394919488654,2023-06-04 11:25:41
Purchase_392,User_3899,Product_1,164.69609077940828,2023-06-03 11:21:53
Purchase_442,User_1347,Product_17,114.8996174030222,2023-04-11 14:59:51
Purchase_399,User_4665,Product_3,179.54134218108157,2023-07-03 04:42:06
Purchase_913,User_2360,Product_10,175.0832106523209,2023-04-12 19:42:54
Purchase_269,User_4282,Product_15,57.36041084464427,2023-01-07 23:42:13
Purchase_729,User_1519,Product_11,47.731159253992786,2023-04-13 19:37:17
Purchase_340,User_725,Product_5,195.19515100460748,2023-02-01 04:44:42
Purchase_819,User_1669,Product_9,174.68028276112886,2023-04-30 19:16:52
Purchase_309,User_1770,Product_17,14.886481573246666,2023-01-20 06:11:15
Purchase_410,User_3727,Product_8,53.3326821080821,2023-05-08 01:21:54
Purchase_573,User_2249,Product_19,180.5751929273891,2023-01-10 10:01:52
Purchase_167,User_2127,Product_9,53.704597078876986,2023-03-23 04:58:29
Purchase_207,User_1968,Product_9,88.09294482460304,2023-07-20 18:00:31
Purchase_626,User_2086,Product_15,44.87928724974428,2023-01-29 10:34:19
Purchase_948,User_3812,Product_9,168.27330171620025,2023-02-27 20:35:34
Purchase_614,User_2021,Product_8,166.90462591538372,2023-03-18 00:53:17
Purchase_330,User_4844,Product_8,112.9681354261297,2023-04-20 07:35:07
Purchase_605,User_1769,Product_7,10.779227331969256,2023-05-09 06:01:05
Purchase_20,User_4027,Product_8,184.29043147557076,2023-07-28 02:36:01
Purchase_723,User_4875,Product_15,128.79873971998163,2023-06-22 14:10:13
Purchase_803,User_3836,Product_5,30.487422612264712,2023-05-04 16:06:32
Purchase_91,User_98,Product_5,126.93669742533687,2023-04-22 16:46:25
Purchase_705,User_3522,Product_4,85.4601461751483,2023-05-18 01:21:43
Purchase_913,User_1044,Product_4,146.322075012934,2023-02-10 12:37:43
Purchase_767,User_3584,Product_18,73.19720477598277,2023-03-16 03:06:11
Purchase_553,User_1474,Product_14,104.46045580903908,2023-01-08 10:52:03
Purchase_655,User_1868,Product_13,67.63554364436396,2023-02-05 07:42:22
Purchase_519,User_1610,Product_19,83.34583056396666,2023-06-26 11:52:42
Purchase_363,User_3955,Product_11,13.086439211331939,2023-03-18 19:56:17
Purchase_199,User_1629,Product_16,24.310600511594426,2023-02-08 02:36:06
Purchase_157,User_2800,Product_9,199.96134518976532,2023-06-08 02:58:00
Purchase_536,User_998,Product_13,198.56858075845878,2023-03-07 05:02:42
Purchase_860,User_1075,Product_5,124.53370314413195,2023-03-08 01:28:26
Purchase_230,User_2515,Product_3,183.0639348463469,2023-05-31 22:20:35
Purchase_802,User_4283,Product_3,40.976859933016115,2023-06-10 03:10:11
Purchase_911,User_535,Product_14,127.249626565812,2023-06-28 14:40:05
Purchase_332,User_1216,Product_7,139.32360671450155,2023-02-02 21:28:53
Purchase_216,User_1628,Product_17,66.88161090061101,2023-04-15 13:34:14
Purchase_734,User_2399,Product_16,143.31161178866654,2023-06-04 23:18:20
Purchase_941,User_3607,Product_13,63.5000317482846,2023-07-07 12:58:27
Purchase_37,User_2350,Product_2,52.3402551245217,2023-05-06 03:31:54
Purchase_21,User_4856,Product_5,29.79138187483445,2023-07-05 08:29:16
Purchase_941,User_230,Product_12,14.228883032025372,2023-03-05 14:43:51
Purchase_103,User_3298,Product_4,81.53922098637692,2023-07-13 07:31:32
Purchase_398,User_3440,Product_8,26.32353472747266,2023-06-09 09:02:53
Purchase_485,User_4545,Product_11,194.3821086968161,2023-05-07 00:26:17
Purchase_157,User_2436,Product_4,107.46789040856822,2023-06-19 23:57:10
Purchase_302,User_1401,Product_9,89.67730413624817,2023-05-24 11:02:22
Purchase_231,User_3034,Product_14,88.0408701382984,2023-03-19 00:47:58
Purchase_773,User_1876,Product_8,116.09117643082237,2023-06-11 11:59:29
Purchase_248,User_508,Product_14,62.58608202809927,2023-06-08 23:03:46
Purchase_273,User_3199,Product_6,94.0003320219726,2023-07-21 04:42:52
Purchase_124,User_1381,Product_15,108.68647214954602,2023-02-11 01:23:23
Purchase_785,User_1848,Product_12,144.74617457339247,2023-07-04 04:04:00
Purchase_656,User_4619,Product_4,19.657685527031518,2023-01-27 09:46:08
Purchase_132,User_556,Product_9,109.67533129022053,2023-01-07 09:57:59
Purchase_741,User_672,Product_16,170.28345971385568,2023-02-04 01:51:02
Purchase_270,User_3750,Product_4,39.676510143175996,2023-04-25 01:35:01
Purchase_85,User_1623,Product_9,92.70420378498972,2023-05-14 23:25:01
Purchase_74,User_3877,Product_10,93.6192903124387,2023-06-11 21:05:57
Purchase_723,User_2069,Product_18,131.71092107336483,2023-05-23 03:03:58
Purchase_763,User_759,Product_3,98.56133734738548,2023-05-17 19:37:57
Purchase_416,User_753,Product_19,148.1974616212475,2023-07-13 04:49:55
Purchase_15,User_1495,Product_7,12.710953269417498,2023-05-14 21:05:57
Purchase_831,User_1000,Product_19,127.53593014283133,2023-05-16 07:53:40
Purchase_605,User_441,Product_13,156.31615998998856,2023-03-02 14:20:02
Purchase_152,User_1227,Product_15,152.23491541621055,2023-01-16 02:03:24
Purchase_736,User_2864,Product_18,67.10199939357253,2023-05-18 01:31:17
Purchase_793,User_3814,Product_14,169.0737682637954,2023-05-21 02:25:23
Purchase_195,User_1304,Product_16,170.29850124621018,2023-01-08 23:18:12
Purchase_606,User_2656,Product_2,76.32425101519215,2023-01-20 22:54:07
Purchase_313,User_1458,Product_1,49.58499807817724,2023-05-29 10:20:39
Purchase_324,User_110,Product_18,15.686380229157324,2023-03-25 06:09:53
Purchase_513,User_3861,Product_2,185.56051351577145,2023-05-25 03:01:37
Purchase_24,User_341,Product_18,69.2623786593966,2023-06-26 12:21:27
Purchase_275,User_3930,Product_7,139.0834425229907,2023-07-18 20:03:55
Purchase_203,User_3558,Product_19,58.786262267776316,2023-03-24 00:22:01
Purchase_265,User_1570,Product_5,57.63975180214896,2023-04-19 11:10:26
Purchase_657,User_4268,Product_4,153.40433305630998,2023-01-30 03:50:37
Purchase_472,User_4526,Product_5,174.0996467413778,2023-02-13 11:53:37
Purchase_292,User_2230,Product_17,190.5692862706625,2023-06-11 06:03:58
Purchase_94,User_4423,Product_8,180.38563361317915,2023-01-09 10:31:35
Purchase_967,User_921,Product_19,53.39671647055045,2023-04-19 19:21:31
Purchase_561,User_2342,Product_12,173.9753028203927,2023-03-28 05:32:06
Purchase_484,User_2305,Product_17,10.429824636962179,2023-01-11 17:56:39
Purchase_908,User_1666,Product_10,56.64593439344239,2023-06-01 18:03:28
Purchase_534,User_3389,Product_15,59.90498842843654,2023-06-18 21:07:05
Purchase_245,User_3521,Product_6,12.489039028763727,2023-04-02 02:10:29
Purchase_18,User_1277,Product_3,127.68558021691807,2023-07-24 02:37:21
Purchase_498,User_3739,Product_12,58.836848579485945,2023-04-14 12:33:34
Purchase_394,User_116,Product_19,74.97322535482512,2023-05-28 05:39:09
Purchase_373,User_596,Product_4,37.3488566858633,2023-02-19 10:47:51
Purchase_547,User_2054,Product_9,154.38734866452293,2023-04-14 08:10:37
Purchase_109,User_1982,Product_11,49.31144022297274,2023-05-31 17:16:57
Purchase_225,User_2432,Product_13,148.4268451310688,2023-04-06 04:09:19
Purchase_976,User_241,Product_4,76.82537733097293,2023-06-16 07:57:34
Purchase_398,User_2642,Product_12,95.3248211500442,2023-03-29 18:43:02
Purchase_233,User_4565,Product_10,182.4513328126482,2023-05-30 21:54:08
Purchase_370,User_2562,Product_20,198.20861941965347,2023-04-29 14:05:44
Purchase_564,User_82,Product_14,101.5731875469641,2023-03-24 10:16:58
Purchase_643,User_2187,Product_19,193.55743089140054,2023-01-02 12:46:49
Purchase_333,User_161,Product_20,64.44726487876065,2023-01-31 01:48:27
Purchase_810,User_2522,Product_14,46.03490726365852,2023-06-29 11:39:21
Purchase_976,User_3992,Product_3,164.59260973696655,2023-03-11 07:07:25
Purchase_96,User_3951,Product_9,141.7990227914167,2023-01-30 00:29:31
Purchase_170,User_2461,Product_16,179.19687992889888,2023-01-27 16:41:50
Purchase_865,User_2875,Product_3,134.3476153502516,2023-06-19 07:24:16
Purchase_490,User_3172,Product_8,150.4295678994808,2023-04-25 02:18:22
Purchase_250,User_3673,Product_8,199.5322298235516,2023-04-18 01:36:02
Purchase_142,User_2827,Product_4,34.20096675120177,2023-06-29 16:42:07
Purchase_617,User_4872,Product_1,96.57242263535117,2023-06-29 07:50:51
Purchase_474,User_3903,Product_14,49.67886042094919,2023-03-05 22:59:23
Purchase_724,User_2659,Product_17,124.89159455686881,2023-06-03 20:38:16
Purchase_567,User_3993,Product_19,171.32624927789902,2023-02-23 21:18:04
Purchase_233,User_4232,Product_12,124.14528456638782,2023-03-17 05:03:44
Purchase_768,User_439,Product_4,55.34773514124717,2023-02-21 03:58:23
Purchase_253,User_4613,Product_18,145.20152342766215,2023-01-27 10:35:12
Purchase_312,User_3051,Product_20,122.48927396508124,2023-03-01 20:37:27
Purchase_338,User_4965,Product_19,194.17963992747883,2023-06-10 00:27:18
Purchase_151,User_3760,Product_12,87.13413227948531,2023-06-05 05:28:19
Purchase_322,User_3836,Product_18,121.76087920287088,2023-06-11 19:29:33
Purchase_566,User_2155,Product_20,17.860211300033072,2023-05-13 07:43:21
Purchase_407,User_1385,Product_18,156.4227625295957,2023-07-28 18:55:29
Purchase_6,User_2257,Product_2,105.66424250067053,2023-04-19 10:08:58
Purchase_691,User_4403,Product_3,103.86013587287978,2023-06-10 09:00:39
Purchase_756,User_3695,Product_7,85.48860344984149,2023-03-05 18:40:03
Purchase_795,User_3253,Product_8,108.48618994435716,2023-01-06 16:59:17
Purchase_546,User_366,Product_3,180.02801506272127,2023-07-20 15:47:36
Purchase_314,User_3240,Product_20,114.33680321562692,2023-04-28 23:18:57
Purchase_653,User_1700,Product_16,95.08262871810533,2023-07-12 13:39:12
Purchase_322,User_2639,Product_14,154.63269792470183,2023-02-16 20:32:50
Purchase_709,User_3463,Product_20,189.96183320529116,2023-06-21 04:42:47
Purchase_515,User_4102,Product_7,142.18525324014877,2023-06-28 19:49:37
Purchase_859,User_2162,Product_15,76.59072874486135,2023-01-30 03:33:40
Purchase_993,User_108,Product_19,173.04777015260476,2023-01-26 09:35:20
Purchase_82,User_2874,Product_2,165.3194097834433,2023-01-20 05:42:13
Purchase_106,User_32,Product_13,45.55257879429039,2023-04-13 09:09:59
Purchase_700,User_4142,Product_16,164.25674625042268,2023-05-27 21:17:26
Purchase_376,User_95,Product_1,183.03753010196067,2023-05-17 17:48:10
Purchase_757,User_1127,Product_18,74.77713865265616,2023-04-27 11:48:51
Purchase_163,User_2136,Product_9,65.14139516752213,2023-02-09 05:48:41
Purchase_749,User_1295,Product_4,131.34218213328148,2023-01-30 21:16:16
Purchase_167,User_1115,Product_18,54.02485866162903,2023-04-14 20:44:03
Purchase_438,User_3373,Product_4,97.66414835794103,2023-05-23 21:10:29
Purchase_972,User_1634,Product_6,180.07960876352365,2023-05-17 11:39:10
Purchase_40,User_2289,Product_11,30.636819427025078,2023-07-27 21:28:25
Purchase_425,User_3328,Product_19,73.48871140517983,2023-02-26 00:02:15
Purchase_171,User_3850,Product_10,79.2215004405702,2023-01-02 20:40:29
Purchase_804,User_2873,Product_19,37.475228953222725,2023-07-12 00:02:57
Purchase_488,User_1774,Product_2,69.1939598320786,2023-07-28 19:15:58
Purchase_749,User_4402,Product_5,152.76123954825323,2023-01-10 08:58:50
Purchase_548,User_4337,Product_7,155.45367221724837,2023-07-02 20:44:25
Purchase_400,User_764,Product_9,169.94128046893326,2023-02-14 18:03:10
Purchase_297,User_3865,Product_9,97.37130028699495,2023-01-25 01:44:49
Purchase_436,User_1031,Product_1,17.301327010398957,2023-06-29 18:02:59
Purchase_295,User_908,Product_15,162.95842635164175,2023-07-25 02:39:50
Purchase_922,User_132,Product_16,152.57495028941617,2023-01-03 09:47:22
Purchase_677,User_3010,Product_10,15.009260546925246,2023-04-18 12:58:46
Purchase_523,User_4224,Product_2,136.31481848860642,2023-01-04 08:00:45
Purchase_616,User_3898,Product_12,143.445905485336,2023-03-14 03:13:51
Purchase_372,User_2701,Product_3,178.99763315468164,2023-01-04 18:01:02
Purchase_651,User_4774,Product_20,192.95148200176374,2023-04-01 21:31:04
Purchase_142,User_1638,Product_13,86.70920432139407,2023-02-25 03:58:39
Purchase_524,User_1577,Product_15,86.44918822557511,2023-01-30 20:25:06
Purchase_205,User_1151,Product_1,20.066507944289025,2023-05-27 17:49:32
Purchase_614,User_1045,Product_8,80.1551673789123,2023-07-27 23:46:25
Purchase_715,User_1515,Product_19,86.62038919504538,2023-01-03 16:21:38
Purchase_520,User_2122,Product_8,49.99575039339548,2023-07-06 13:47:11
Purchase_252,User_1356,Product_1,83.65587923630947,2023-06-08 21:38:27
Purchase_463,User_4682,Product_14,176.13002174847907,2023-01-13 08:59:48
Purchase_937,User_1087,Product_14,26.311888751619247,2023-04-21 21:13:58
Purchase_928,User_1777,Product_7,168.9918191989018,2023-05-29 09:39:52
Purchase_721,User_687,Product_17,173.1493778812289,2023-02-09 02:30:01
Purchase_853,User_4495,Product_18,54.30188430870867,2023-05-04 15:35:21
Purchase_136,User_2199,Product_16,135.27725655480242,2023-04-14 08:53:01
Purchase_525,User_4171,Product_9,92.24785033599008,2023-05-15 16:04:09
Purchase_830,User_1876,Product_7,44.75324500733141,2023-07-14 10:21:23
Purchase_10,User_2220,Product_19,25.034509606854527,2023-06-24 08:34:15
Purchase_417,User_3720,Product_15,154.72924510706235,2023-02-08 14:10:37
Purchase_151,User_3700,Product_12,85.89666223324639,2023-02-25 17:57:48
Purchase_68,User_1903,Product_10,162.14276203998662,2023-04-19 05:52:22
Purchase_977,User_2235,Product_6,118.12257912754322,2023-06-04 13:42:29
Purchase_312,User_1996,Product_19,19.349156443215406,2023-02-27 09:33:25
Purchase_188,User_1029,Product_19,143.21413532242613,2023-07-26 20:18:51
Purchase_695,User_1903,Product_2,81.22182124250503,2023-03-13 15:35:32
Purchase_538,User_4073,Product_14,28.807081875620273,2023-07-21 22:51:35
Purchase_332,User_465,Product_7,52.261992377345365,2023-01-25 16:05:14
Purchase_62,User_876,Product_11,187.20128373346924,2023-03-17 08:47:51
Purchase_469,User_4567,Product_3,50.82049979002064,2023-04-05 02:46:04
Purchase_157,User_3623,Product_17,103.5168544626284,2023-04-09 09:49:23
Purchase_351,User_609,Product_17,191.07451757512885,2023-01-29 07:38:56
Purchase_560,User_3784,Product_3,177.03593214498096,2023-06-28 03:10:29
Purchase_227,User_602,Product_2,149.3992566526417,2023-03-27 22:42:18
Purchase_629,User_2446,Product_8,109.3453722365212,2023-06-04 23:44:01
Purchase_928,User_3025,Product_4,132.4741422262415,2023-04-27 15:51:43
Purchase_275,User_3749,Product_17,162.6038340814536,2023-03-09 04:30:36
Purchase_821,User_1585,Product_16,26.433582200192006,2023-07-02 19:04:48
Purchase_869,User_955,Product_18,22.76739881721884,2023-01-14 06:27:25
Purchase_585,User_4926,Product_1,196.33314510419018,2023-05-09 13:33:03
Purchase_306,User_3999,Product_1,71.4979248215154,2023-05-05 13:55:48
Purchase_625,User_1800,Product_17,131.52490853561204,2023-06-10 05:03:16
Purchase_404,User_1277,Product_18,55.88671655821996,2023-03-31 13:00:19
Purchase_255,User_560,Product_13,82.17456206914957,2023-05-14 23:04:27
Purchase_542,User_2285,Product_4,13.39214142545941,2023-03-08 02:07:53
Purchase_660,User_37,Product_13,61.54932855506101,2023-01-11 05:23:34
Purchase_78,User_4018,Product_18,195.8794377538976,2023-03-15 11:05:05
Purchase_153,User_2002,Product_10,78.24823887278026,2023-02-12 15:49:34
Purchase_731,User_4288,Product_18,30.166229284311083,2023-03-24 23:46:07
Purchase_280,User_1774,Product_16,22.91603110480324,2023-05-01 07:39:39
Purchase_263,User_4729,Product_3,128.41517545226623,2023-05-15 20:46:21
Purchase_103,User_4183,Product_3,135.95503373869377,2023-01-21 11:45:43
Purchase_797,User_2171,Product_15,16.627310627961354,2023-01-23 18:40:11
Purchase_588,User_4240,Product_4,197.87218245332195,2023-02-05 22:12:30
Purchase_767,User_1504,Product_15,85.77098165750589,2023-04-30 14:25:21
Purchase_331,User_4999,Product_2,47.96851691821425,2023-01-14 17:34:56
Purchase_772,User_423,Product_2,132.02642187949573,2023-07-01 18:09:03
Purchase_593,User_3218,Product_20,148.97673145009372,2023-07-07 03:14:31
Purchase_278,User_1949,Product_1,66.61068749419945,2023-07-27 10:31:14
Purchase_808,User_2357,Product_16,120.31671441736889,2023-04-18 06:38:29
Purchase_872,User_4757,Product_5,66.63009873691577,2023-06-20 11:09:06
Purchase_669,User_1374,Product_1,38.80685583278981,2023-01-17 23:02:00
Purchase_474,User_3237,Product_2,39.08850579758342,2023-06-12 14:02:14
Purchase_169,User_1617,Product_7,139.06111864615593,2023-02-06 14:12:24
Purchase_784,User_704,Product_11,95.15412583642977,2023-07-11 01:15:11
Purchase_990,User_1245,Product_10,192.95641549392903,2023-01-27 06:59:28
Purchase_92,User_2823,Product_4,139.6551721334949,2023-07-22 04:56:46
Purchase_804,User_640,Product_20,42.04603480275263,2023-06-28 05:14:55
Purchase_147,User_779,Product_13,52.588834010120955,2023-06-01 14:15:34
Purchase_165,User_3476,Product_4,135.0224682870275,2023-04-14 12:55:26
Purchase_875,User_3812,Product_6,44.08093928821099,2023-01-05 17:12:14
Purchase_324,User_306,Product_14,195.92550449171193,2023-03-04 01:50:07
Purchase_896,User_4012,Product_18,172.07610570188936,2023-07-20 19:01:50
Purchase_53,User_4332,Product_2,44.47106886479595,2023-03-18 20:07:29
Purchase_512,User_3305,Product_4,69.7054954350068,2023-04-21 12:45:28
Purchase_440,User_1859,Product_1,120.47591361438805,2023-03-29 07:42:25
Purchase_665,User_2075,Product_4,84.92185968983881,2023-07-20 01:03:32
Purchase_328,User_788,Product_4,54.25315173141669,2023-04-08 15:59:13
Purchase_501,User_863,Product_3,73.35459231216674,2023-03-02 17:16:07
Purchase_118,User_4682,Product_11,183.38750440451062,2023-01-24 01:26:00
Purchase_561,User_4827,Product_20,14.417265639238986,2023-02-01 18:15:28
Purchase_378,User_3710,Product_14,89.5478912669523,2023-03-09 21:15:17
Purchase_386,User_4052,Product_15,120.1054298428428,2023-04-11 20:23:07
Purchase_475,User_909,Product_2,159.71783291563804,2023-02-11 12:42:11
Purchase_312,User_4396,Product_4,91.97389271253749,2023-07-09 05:18:31
Purchase_522,User_547,Product_7,98.02667893050425,2023-01-20 08:55:12
Purchase_531,User_812,Product_20,63.86953271047776,2023-01-31 05:28:55
Purchase_884,User_2488,Product_4,40.363288843246714,2023-01-08 04:38:00
Purchase_843,User_1531,Product_13,135.85441707116837,2023-01-01 14:17:21
Purchase_956,User_3127,Product_12,182.29405459617428,2023-04-13 17:37:19
Purchase_946,User_4545,Product_13,21.069996536860177,2023-02-28 18:58:43
Purchase_834,User_1326,Product_11,20.49325399299348,2023-05-22 20:49:59
Purchase_712,User_1606,Product_6,88.77699560566049,2023-04-12 22:44:58
Purchase_840,User_3917,Product_9,35.00121825890035,2023-07-20 17:57:38
Purchase_561,User_1658,Product_17,15.60058861992741,2023-01-16 09:05:35
Purchase_491,User_4445,Product_15,198.35008509682106,2023-01-20 16:51:36
Purchase_789,User_172,Product_11,196.93593632932573,2023-05-21 06:00:53
Purchase_686,User_4361,Product_14,120.84103648687349,2023-06-24 01:30:13
Purchase_558,User_4568,Product_20,87.03394463390731,2023-07-18 19:42:46
Purchase_436,User_233,Product_6,88.89814252805465,2023-07-29 07:42:50
Purchase_349,User_1886,Product_16,183.5283619940908,2023-05-13 03:48:09
Purchase_26,User_2993,Product_2,103.48193029965968,2023-01-29 17:18:43
Purchase_366,User_2627,Product_2,73.61868350376339,2023-01-09 21:48:22
Purchase_467,User_791,Product_7,94.88640184999649,2023-05-05 16:51:26
Purchase_671,User_75,Product_15,27.86637274345201,2023-01-28 22:42:25
Purchase_729,User_4486,Product_13,188.04007595486144,2023-06-30 04:33:15
Purchase_214,User_461,Product_17,160.87649808339845,2023-05-16 20:15:36
Purchase_560,User_4941,Product_2,18.6256154464686,2023-04-17 08:02:47
Purchase_998,User_563,Product_16,45.19731848024548,2023-06-24 23:48:56
Purchase_940,User_2379,Product_15,62.988900834737855,2023-05-14 23:07:29
Purchase_383,User_4917,Product_1,122.170881749781,2023-05-28 05:14:54
Purchase_180,User_4281,Product_15,111.0232501612795,2023-02-23 02:24:37
Purchase_748,User_2684,Product_2,150.38963362986055,2023-03-07 20:28:32
Purchase_11,User_673,Product_12,73.03901313202643,2023-07-14 11:46:41
Purchase_443,User_3017,Product_19,151.08229819921004,2023-07-19 21:32:04
Purchase_527,User_3185,Product_8,12.049379774495746,2023-05-10 15:28:59
Purchase_6,User_1558,Product_14,184.46803860144468,2023-04-12 02:51:10
Purchase_311,User_2348,Product_14,24.774732282484486,2023-04-03 23:12:48
Purchase_95,User_4515,Product_2,173.7397733725344,2023-06-25 20:47:51
Purchase_369,User_641,Product_6,42.067991409515166,2023-03-15 18:16:58
Purchase_254,User_3282,Product_17,197.94160185332893,2023-05-21 20:41:45
Purchase_922,User_1828,Product_10,47.29498641187867,2023-03-01 23:09:40
Purchase_607,User_3069,Product_15,29.054613536315948,2023-06-09 17:26:00
Purchase_34,User_3582,Product_10,21.98294407484694,2023-01-14 16:01:04
Purchase_275,User_2389,Product_10,197.8803347507171,2023-01-13 16:23:37
Purchase_479,User_3744,Product_16,18.635946197067117,2023-02-23 10:21:38
Purchase_44,User_4260,Product_7,177.31809986295144,2023-05-04 10:59:16
Purchase_696,User_982,Product_20,136.61561535281567,2023-07-28 17:22:37
Purchase_254,User_1097,Product_4,188.1812346252764,2023-02-14 17:14:14
Purchase_626,User_650,Product_12,184.47098460061423,2023-02-13 11:56:48
Purchase_972,User_4712,Product_1,24.090434942111564,2023-05-08 04:17:42
Purchase_824,User_1128,Product_8,187.06546332353534,2023-02-06 18:44:43
Purchase_864,User_411,Product_10,121.12835891562908,2023-06-03 23:38:00
Purchase_928,User_474,Product_10,163.33431338102756,2023-04-16 10:46:12
Purchase_998,User_2020,Product_19,110.6695839914513,2023-02-01 06:25:40
Purchase_633,User_4435,Product_17,180.80860623001516,2023-01-29 10:23:21
Purchase_491,User_527,Product_20,87.70413968447052,2023-01-28 14:33:14
Purchase_474,User_1132,Product_10,50.43633175355243,2023-03-08 17:45:32
Purchase_875,User_924,Product_18,154.84469657695445,2023-01-22 03:25:58
Purchase_751,User_3297,Product_10,51.77930473746016,2023-01-30 21:38:52
Purchase_808,User_1644,Product_3,37.1551737340728,2023-01-11 21:01:08
Purchase_39,User_4870,Product_16,29.885690095860195,2023-05-26 19:02:08
Purchase_29,User_3342,Product_9,93.78493695045731,2023-02-20 04:46:33
Purchase_895,User_2600,Product_1,59.757276884329144,2023-07-11 16:51:33
Purchase_154,User_2886,Product_3,121.61783944244429,2023-05-04 01:46:33
Purchase_737,User_4418,Product_7,92.43348350263496,2023-05-12 03:33:05
Purchase_871,User_3800,Product_20,64.22532713166774,2023-07-24 09:22:59
Purchase_132,User_659,Product_13,42.15259624861981,2023-04-19 07:22:00
Purchase_420,User_2111,Product_8,70.88309005802185,2023-03-19 17:19:36
Purchase_846,User_3307,Product_1,92.15976077463534,2023-06-30 03:25:39
Purchase_57,User_2897,Product_16,84.95491691441711,2023-05-22 01:32:45
Purchase_638,User_4674,Product_14,178.03284583813192,2023-07-15 16:29:23
Purchase_63,User_172,Product_4,14.937798173833782,2023-07-10 06:55:27
Purchase_98,User_4531,Product_12,99.45007889996005,2023-03-07 04:44:18
Purchase_545,User_1926,Product_4,55.11456474541659,2023-03-09 05:43:34
Purchase_984,User_241,Product_2,51.23476477305008,2023-07-10 07:39:02
Purchase_195,User_990,Product_8,69.14959028692962,2023-02-18 01:55:50
Purchase_615,User_911,Product_3,152.9092203305521,2023-04-02 11:51:36
Purchase_17,User_715,Product_7,132.93195490399813,2023-02-25 07:05:02
Purchase_838,User_171,Product_1,186.5617608363741,2023-06-02 23:49:56
Purchase_849,User_3974,Product_8,122.78702848805393,2023-07-07 00:31:47
Purchase_317,User_810,Product_7,86.77079691059646,2023-05-25 18:22:42
Purchase_710,User_1613,Product_20,81.37274461403167,2023-04-02 16:54:42
Purchase_906,User_2861,Product_11,27.96882284050107,2023-03-12 15:35:13
Purchase_587,User_2420,Product_5,133.66573119989926,2023-03-16 08:18:02
Purchase_945,User_1720,Product_10,58.66592678000041,2023-05-05 09:08:12
Purchase_517,User_3144,Product_15,103.07922900651208,2023-03-18 04:23:54
Purchase_941,User_4085,Product_9,23.5229099615799,2023-01-09 05:38:51
Purchase_404,User_2887,Product_19,90.64994535107475,2023-07-03 23:27:20
Purchase_838,User_2261,Product_4,73.57692574874856,2023-02-22 06:15:06
Purchase_670,User_1075,Product_20,23.020416263585197,2023-01-31 23:18:55
Purchase_65,User_3107,Product_2,144.1233867859309,2023-05-22 03:51:00
Purchase_826,User_2730,Product_20,192.82296386152203,2023-02-14 18:02:08
Purchase_502,User_590,Product_2,41.89974425415954,2023-01-26 02:22:26
Purchase_729,User_1397,Product_7,155.02844047437424,2023-04-13 00:10:34
Purchase_84,User_3843,Product_10,73.65425235680183,2023-04-11 04:01:54
Purchase_444,User_4620,Product_6,163.17769651119949,2023-01-27 16:18:58
Purchase_276,User_1687,Product_5,155.75597266372574,2023-05-10 04:22:55
Purchase_199,User_4463,Product_19,125.9383543889322,2023-03-11 23:02:08
Purchase_506,User_1277,Product_17,115.56103442801512,2023-03-07 01:46:59
Purchase_173,User_4035,Product_9,174.85137480677722,2023-02-25 12:01:53
Purchase_747,User_2437,Product_1,141.4250290616924,2023-05-26 13:26:27
Purchase_838,User_2745,Product_7,76.37644961664864,2023-04-03 02:01:23
Purchase_4,User_3317,Product_4,85.61407953934435,2023-02-13 04:30:15
Purchase_274,User_3341,Product_13,183.89882357431685,2023-01-31 04:06:15
Purchase_351,User_1712,Product_14,86.99479613739582,2023-06-27 21:21:43
Purchase_342,User_2596,Product_9,124.31978167688065,2023-04-07 12:51:15
Purchase_569,User_316,Product_3,38.7200543734144,2023-04-20 09:31:58
Purchase_697,User_1828,Product_3,172.58430390089123,2023-04-16 21:27:32
Purchase_567,User_3212,Product_6,192.12934945556572,2023-05-23 02:12:55
Purchase_464,User_4824,Product_15,83.83225242056862,2023-01-21 05:58:08
Purchase_117,User_632,Product_17,94.01817434411872,2023-01-17 13:54:19
Purchase_91,User_1136,Product_18,150.04938671259816,2023-05-01 22:06:35
Purchase_730,User_2288,Product_8,74.64340200079904,2023-01-02 22:26:06
Purchase_186,User_556,Product_20,93.54633105930203,2023-06-21 18:08:15
Purchase_592,User_2753,Product_2,65.04729376465686,2023-03-09 14:46:33
Purchase_966,User_1479,Product_9,173.89220539729038,2023-04-19 12:27:46
Purchase_767,User_4367,Product_9,101.67716837716671,2023-07-24 08:43:01
Purchase_789,User_1536,Product_5,18.70058829347018,2023-06-25 19:16:52
Purchase_218,User_2181,Product_7,195.80165539716265,2023-05-31 15:35:29
Purchase_375,User_4922,Product_5,158.0454510316508,2023-03-18 17:38:42
Purchase_82,User_415,Product_18,16.07342422704344,2023-04-09 17:16:29
Purchase_725,User_4335,Product_7,101.96187249270223,2023-07-06 09:56:46
Purchase_247,User_2524,Product_19,156.31456048686712,2023-02-19 12:19:00
Purchase_838,User_1988,Product_20,105.77923760291034,2023-07-12 07:45:54
Purchase_643,User_4707,Product_16,81.14013644151046,2023-01-23 15:35:31
Purchase_902,User_4993,Product_12,58.427015369451425,2023-06-10 20:44:10
Purchase_192,User_975,Product_12,55.34939524239131,2023-04-08 02:58:17
Purchase_756,User_4201,Product_7,51.627753753246104,2023-04-18 23:56:54
Purchase_133,User_1110,Product_4,165.558095214316,2023-02-08 03:35:04
Purchase_54,User_84,Product_3,129.95665204966613,2023-07-23 21:14:34
Purchase_706,User_3668,Product_7,65.2170135277261,2023-02-27 04:46:41
Purchase_179,User_1770,Product_13,151.20645493930778,2023-02-18 02:03:47
Purchase_141,User_3005,Product_20,57.59197492080175,2023-03-23 10:14:33
Purchase_316,User_759,Product_5,165.7290783368551,2023-05-18 20:59:52
Purchase_226,User_4300,Product_12,31.108632190611726,2023-05-07 16:56:43
Purchase_189,User_2626,Product_5,39.689175465256056,2023-04-23 04:18:52
Purchase_884,User_4002,Product_17,103.56026500087549,2023-05-01 22:50:32
Purchase_178,User_1814,Product_10,147.68964052865886,2023-03-21 11:02:28
Purchase_295,User_1153,Product_10,167.4851374906968,2023-02-19 20:18:48
Purchase_698,User_4736,Product_1,161.6841326336387,2023-02-02 14:49:29
Purchase_265,User_2655,Product_11,18.4962971514974,2023-04-16 00:18:49
Purchase_490,User_1873,Product_2,58.09834953878536,2023-05-27 03:11:44
Purchase_579,User_501,Product_16,81.83533767914848,2023-04-08 14:56:28
Purchase_349,User_829,Product_13,41.846428979306125,2023-05-08 12:05:27
Purchase_642,User_3172,Product_2,133.52502295050326,2023-01-11 01:22:42
Purchase_450,User_3091,Product_10,134.58274802723568,2023-03-02 04:30:28
Purchase_632,User_4217,Product_13,139.60124209333466,2023-01-20 17:06:50
Purchase_832,User_3756,Product_18,161.46664689731753,2023-07-01 01:41:51
Purchase_37,User_761,Product_20,16.37521870151199,2023-01-14 08:51:40
Purchase_835,User_4711,Product_6,167.96154909079894,2023-02-25 03:08:20
Purchase_386,User_3049,Product_9,46.41662991910467,2023-06-20 14:15:49
Purchase_538,User_4292,Product_16,167.61082580281797,2023-02-21 12:31:18
Purchase_211,User_1393,Product_16,145.14957699263485,2023-05-17 06:24:07
Purchase_703,User_4796,Product_6,139.51457255757583,2023-06-22 11:05:01
Purchase_347,User_4745,Product_3,193.7636354670608,2023-03-29 07:51:06
Purchase_811,User_1483,Product_17,103.69261093279162,2023-02-02 06:16:11
Purchase_797,User_4505,Product_2,191.19767245631937,2023-04-04 02:14:14
Purchase_208,User_4861,Product_5,162.35423175324956,2023-06-01 06:47:03
Purchase_700,User_4469,Product_13,31.64326577624634,2023-02-15 22:40:05
Purchase_504,User_2341,Product_7,22.185923023391016,2023-03-19 11:29:07
Purchase_830,User_681,Product_17,134.99236595429056,2023-01-06 21:07:06
Purchase_795,User_4691,Product_10,78.54207700469256,2023-07-14 18:52:14
Purchase_91,User_2,Product_3,53.694988792920924,2023-02-09 13:13:39
Purchase_774,User_1257,Product_6,155.55268025032362,2023-05-07 03:27:28
Purchase_259,User_2779,Product_7,166.47959862942938,2023-02-12 17:30:48
Purchase_468,User_1559,Product_20,36.677266650251326,2023-05-04 19:23:20
Purchase_32,User_4616,Product_13,174.4928290229242,2023-02-03 16:23:20
Purchase_116,User_3066,Product_11,139.4249569195136,2023-04-15 18:25:21
Purchase_659,User_4797,Product_17,153.10150474949762,2023-07-25 09:06:39
Purchase_187,User_297,Product_13,61.91824513875416,2023-03-22 08:01:20
Purchase_140,User_2052,Product_20,87.63031228212743,2023-03-28 06:31:40
Purchase_587,User_719,Product_12,132.35380737691554,2023-05-18 14:33:37
Purchase_373,User_4113,Product_3,56.114557934235286,2023-07-12 16:09:37
Purchase_378,User_3823,Product_15,22.641588435888746,2023-02-06 04:46:29
Purchase_589,User_4035,Product_15,24.392768937621295,2023-06-03 01:34:14
Purchase_34,User_4755,Product_4,108.73222658175403,2023-07-09 09:18:14
Purchase_702,User_1213,Product_16,79.95709108106264,2023-01-15 12:00:57
Purchase_630,User_3932,Product_6,21.49797715142835,2023-06-16 16:54:01
Purchase_870,User_3231,Product_16,58.423187551724936,2023-03-13 21:59:35
Purchase_8,User_1955,Product_9,17.121686603120388,2023-07-20 09:15:06
Purchase_422,User_967,Product_17,111.56026042650143,2023-02-11 13:39:56
Purchase_335,User_4172,Product_1,11.222820267114521,2023-06-22 08:49:20
Purchase_648,User_353,Product_6,163.24480313024924,2023-07-06 03:10:15
Purchase_101,User_4817,Product_3,117.77222533224591,2023-05-02 10:55:41
Purchase_914,User_1382,Product_1,87.06217328948682,2023-05-16 13:18:07
Purchase_307,User_4464,Product_14,117.49939788408383,2023-04-12 11:59:56
Purchase_467,User_618,Product_16,85.63978906183515,2023-03-01 11:19:07
Purchase_187,User_3699,Product_2,141.4745660257198,2023-03-09 12:33:33
Purchase_22,User_4722,Product_10,80.2821759880686,2023-05-25 14:37:00
Purchase_810,User_760,Product_19,199.66076334461383,2023-06-02 10:14:57
Purchase_457,User_2217,Product_3,183.2486736515817,2023-07-06 10:56:27
Purchase_576,User_3362,Product_13,101.08537366077094,2023-01-17 21:06:11
Purchase_435,User_3803,Product_12,64.42325029637962,2023-04-25 07:05:54
Purchase_400,User_54,Product_12,47.442875794257404,2023-03-07 13:03:44
Purchase_835,User_587,Product_16,62.495373215159844,2023-01-31 19:56:22
Purchase_253,User_1556,Product_3,160.522049869594,2023-07-27 14:03:52
Purchase_374,User_514,Product_6,65.3885323025772,2023-03-31 15:40:19
Purchase_338,User_3143,Product_6,42.70284782933724,2023-05-15 05:39:26
Purchase_679,User_2356,Product_15,116.56156053832882,2023-04-23 15:26:20
Purchase_301,User_3303,Product_10,97.89364925655958,2023-06-23 22:32:58
Purchase_971,User_1495,Product_4,51.20481339410331,2023-07-14 19:24:30
Purchase_878,User_625,Product_3,45.37297953698838,2023-02-24 13:19:26
Purchase_764,User_3715,Product_20,37.89489733719941,2023-02-11 04:06:37
Purchase_901,User_2272,Product_3,181.77275415075746,2023-05-27 17:29:07
Purchase_507,User_353,Product_18,184.795861197309,2023-04-24 10:46:26
Purchase_421,User_4895,Product_12,125.8919310881329,2023-01-31 00:44:44
Purchase_775,User_4553,Product_8,158.61996742437296,2023-02-23 13:21:31
Purchase_954,User_1707,Product_7,73.53169329240967,2023-07-18 00:19:19
Purchase_401,User_1361,Product_15,179.28049678027136,2023-06-21 19:01:12
Purchase_29,User_4940,Product_12,92.86051432413596,2023-02-02 02:41:08
Purchase_513,User_1908,Product_13,74.98346661518177,2023-03-22 11:37:54
Purchase_923,User_4456,Product_13,20.68842290168543,2023-07-26 06:04:34
Purchase_887,User_565,Product_8,179.26972740469466,2023-07-14 08:18:17
Purchase_966,User_2333,Product_7,196.25307263727328,2023-01-01 22:08:04
Purchase_943,User_2925,Product_17,81.4616187190583,2023-05-11 07:52:43
Purchase_199,User_4382,Product_1,152.69232688046867,2023-07-25 04:14:47
Purchase_973,User_3458,Product_6,183.6319501286238,2023-06-16 08:13:15
Purchase_752,User_3973,Product_12,157.3864191191939,2023-03-20 05:22:52
Purchase_130,User_3793,Product_12,160.6121404152604,2023-01-11 03:39:17
Purchase_334,User_1124,Product_18,44.919580845514055,2023-04-13 11:31:16
Purchase_960,User_516,Product_2,195.65526570364466,2023-07-26 12:51:58
Purchase_971,User_4989,Product_15,192.49994901190573,2023-06-24 23:41:59
Purchase_310,User_3017,Product_3,24.683973243219487,2023-01-10 16:48:03
Purchase_766,User_2996,Product_2,179.6119569940994,2023-04-02 21:10:42
Purchase_802,User_1813,Product_2,130.15273673406767,2023-03-24 03:26:42
Purchase_459,User_4347,Product_4,108.80648303102336,2023-01-21 07:41:34
Purchase_166,User_3325,Product_11,20.46493662458297,2023-06-08 19:14:55
Purchase_1,User_4184,Product_19,71.30162271873803,2023-07-02 04:20:01
Purchase_148,User_4817,Product_5,149.3076700393618,2023-04-24 20:13:33
Purchase_883,User_2109,Product_16,29.21002676213206,2023-05-13 23:21:29
Purchase_302,User_3191,Product_20,136.29703732338692,2023-07-04 20:41:02
Purchase_81,User_4326,Product_7,180.16843842147333,2023-01-29 17:32:24
Purchase_237,User_1402,Product_9,171.63141963674136,2023-07-13 16:26:14
Purchase_204,User_3621,Product_16,140.15200190236263,2023-07-09 02:57:15
Purchase_91,User_1380,Product_10,167.3037698430237,2023-04-26 01:57:06
Purchase_245,User_1259,Product_11,80.92128272547968,2023-07-27 04:48:42
Purchase_685,User_2540,Product_11,183.9109678170994,2023-04-14 11:48:37
Purchase_846,User_2099,Product_13,87.17704272863149,2023-05-31 00:24:05
Purchase_375,User_4182,Product_8,135.59715717454628,2023-05-01 11:17:23
Purchase_478,User_4916,Product_4,134.99226068916587,2023-04-06 20:38:35
Purchase_345,User_416,Product_17,46.47546569061073,2023-02-25 10:38:07
Purchase_471,User_506,Product_17,190.59922664814087,2023-04-02 01:18:32
Purchase_687,User_4030,Product_9,38.32426994891837,2023-06-18 16:06:09
Purchase_699,User_1214,Product_3,57.9350656401951,2023-06-29 14:48:16
Purchase_913,User_2475,Product_19,199.52365677030218,2023-06-08 15:10:18
Purchase_669,User_2956,Product_6,37.61487649792798,2023-04-15 01:55:53
Purchase_832,User_3329,Product_5,167.95510920238416,2023-07-17 00:10:06
Purchase_707,User_520,Product_13,186.12974238576166,2023-01-17 18:14:11
Purchase_764,User_3905,Product_12,105.03424639255599,2023-04-03 15:14:01
Purchase_96,User_3543,Product_2,117.95881681368819,2023-07-09 03:46:41
Purchase_129,User_2804,Product_17,170.4746029987063,2023-05-05 19:30:36
Purchase_764,User_4188,Product_5,108.55533067492095,2023-04-16 11:04:42
Purchase_134,User_1880,Product_1,35.58817212914279,2023-01-20 21:47:32
Purchase_774,User_2595,Product_5,94.43098846187617,2023-05-04 07:37:30
Purchase_899,User_4627,Product_5,140.5182610920812,2023-07-16 10:56:43
Purchase_820,User_1913,Product_4,113.74258695768151,2023-07-14 10:15:59
Purchase_731,User_3009,Product_18,148.9524466873913,2023-05-31 06:28:05
Purchase_425,User_2952,Product_11,134.61984690832708,2023-01-17 16:29:14
Purchase_394,User_3968,Product_7,182.04021279669195,2023-07-04 04:14:05
Purchase_72,User_4771,Product_16,141.88512550098557,2023-07-03 10:30:55
Purchase_489,User_2879,Product_14,47.047885179326485,2023-04-10 17:38:54
Purchase_741,User_588,Product_1,85.5870890521049,2023-02-19 15:05:57
Purchase_587,User_3821,Product_16,162.91946730614023,2023-07-14 23:15:18
Purchase_222,User_1804,Product_10,44.43554464948221,2023-03-03 15:37:35
Purchase_609,User_3364,Product_14,147.36769970396466,2023-02-18 17:47:48
